case,n,solver,distance_km,time_s,peak_tracemalloc_bytes
11,11,Held-Karp,2081.760038,0.23246389999985695,795027
15,15,Held-Karp,2874.30062,7.702187400000184,21252614
29,29,Christofides+2opt,3746.460783,0.02562500000021828,7016
